Workbook

Sheet 1-7-26
A1: DIGITAL TITANS
A4: VISITORS
A6: Sr. No. | B6: Date | C6: Member Who Invited Visitors (Name) | D6: Visitor Name | E6: Hot Category (Count) | F6: Open Cateory (Count) | G6: Closed Category (Count) | H6: Repeat Visitor (Count) | I6: POINTS | J6: TOTAL POINTS
A8: 1 | B8: 46029 | C8: Meghna Shah | D8: Mamta Tejwani | F8: 1 | I8: =SUM((E8*300)+(F8*200)+(G8*50)+(H8*0)) -> 200 | J8: =SUM(I8:I15) -> 600
D9: Saloni | F9: 1 | I9: =SUM((E9*300)+(F9*200)+(G9*50)+(H9*0)) -> 200
I10: =SUM((E10*300)+(F10*200)+(G10*50)+(H10*0)) -> 0
B11: 46029 | C11: Harun Kazi | D11: Himanshu Trivedi | F11: 1 | I11: =SUM((E11*300)+(F11*200)+(G11*50)+(H11*0)) -> 200
I12: =SUM((E12*300)+(F12*200)+(G12*50)+(H12*0)) -> 0
I13: =SUM((E13*300)+(F13*200)+(G13*50)+(H13*0)) -> 0
I14: =SUM((E14*300)+(F14*200)+(G14*50)+(H14*0)) -> 0
I15: =SUM((E15*300)+(F15*200)+(G15*50)+(H15*0)) -> 0
A18: INDUCTIONS
A20: Sr. No. | B20: Date | C20: Sponsor Member (Name) | D20: Member Inducted (Count) | E20: POINTS | F20: TOTAL POINTS
B22: 46029 | C22: Meghna Shah | D22: 1 | E22: =(D22*500) -> 500 | F22: =SUM(E22:E29) -> 500
E23: =(D23*500) -> 0
E24: =(D24*500) -> 0
E25: =(D25*500) -> 0
E26: =(D26*500) -> 0
E27: =(D27*500) -> 0
E28: =(D28*500) -> 0
E29: =(D29*500) -> 0
A32: ATTENDANCE
A34: Sr. No. | B34: Date | C34: List Team Members Present (Name) | D34: Number of Absent Team Members | E34: TOTAL POINTS
A36: 1 | B36: 46029 | C36: Kamlesh | E36: =IF(D36=0,300,D36*-200) -> 300
A37: 2 | B37: 46029 | C37: Harun
A38: 3 | B38: 46029 | C38: Suhani
A39: 4 | B39: 46029 | C39: Meghna
A40: 5 | B40: 46029 | C40: Bhavik
A45: PUCTUALITY
A47: Sr. No. | B47: Date | C47: List Team Members Present on Time (Name) | D47: Number of Team Members Coming Late | E47: POINTS
A49: 1 | B49: 46029 | C49: Kamlesh | E49: =IF(D49=0,100,D49*-20) -> 100
A50: 2 | B50: 46029 | C50: Harun
A51: 3 | B51: 46029 | C51: Suhani
A52: 4 | B52: 46029 | C52: Meghna
A53: 5 | B53: 46029 | C53: EKta
A54: 6 | B54: 46029 | C54: Bhavik
A59: WEARING BADGE/ACHIEVER'S PINS
A61: Sr. No. | B61: Date | C61: Team Members (Name) | D61: Did this Team Member wear Badge (If yes write 1, if no write 0) | E61: POINTS | F61: TOTAL POINTS
A63: 1 | B63: 46029 | C63: Kamlesh | D63: 1 | E63: =(D63*100) -> 100 | F63: =SUM(E63:E69) -> 500
A64: 2 | B64: 46029 | C64: Harun | D64: 1 | E64: =(D64*100) -> 100
A65: 3 | B65: 46029 | C65: Meghna | D65: 1 | E65: =(D65*100) -> 100
A66: 4 | B66: 46029 | C66: Suhani | D66: 1 | E66: =(D66*100) -> 100
A67: 5 | B67: 46029 | C67: Bhavik | D67: 1 | E67: =(D67*100) -> 100
E68: =(D68*100) -> 0
E69: =(D69*100) -> 0
A72: GETTING ACHIEVER'S PINS
A74: Sr. No. | B74: Date | C74: Team Members (Name) | D74: Did this Team Member get Achiever's Pins (If Yes write 1, if No write 0) | E74: POINTS | F74: TOTAL POINTS
A76: 1 | E76: =(D76*100) -> 0 | F76: =SUM(E76:E82) -> 0
E77: =(D77*100) -> 0
E78: =(D78*100) -> 0
E79: =(D79*100) -> 0
E80: =(D80*100) -> 0
E81: =(D81*100) -> 0
E82: =(D82*100) -> 0
A85: GOLDEN MIC
A87: Sr. No. | B87: Date | C87: Team Member (Write 1 if the member got golden mic or else write 0) | D87: POINTS
A89: 1 | B89: 46029 | C89: 1 | D89: =C89*200 -> 200
A92: ABIDING THEME
A94: Sr. No. | B94: Date | C94: Team (Name) | D94: All members Abiding to Theme. (If yes type 1,if no type 0) | E94: TOTAL POINTS
A96: 1 | D96: 0 | E96: =D96*200 -> 0
A100: ATTIRE
A102: Sr. No. | B102: Date | C102: Team Member (Name) | D102: In Attire (Write 1 if in Attire or else write 0) | E102: POINTS | F102: TOTAL POINTS
A104: 1 | C104: Kamlesh | D104: 1 | E104: =D104*50 -> 50 | F104: =SUM(E104,E105,E106,E107,E108,E109) -> 300
A105: 2 | C105: Harun | D105: 1 | E105: =D105*50 -> 50
A106: 3 | C106: Meghna | D106: 1 | E106: =D106*50 -> 50
A107: 4 | C107: Sunahi | D107: 1 | E107: =D107*50 -> 50
A108: 5 | C108: Ekta | D108: 1 | E108: =D108*50 -> 50
A109: 6 | C109: Bhavik | D109: 1 | E109: =D109*50 -> 50
A117: TOTAL POINTS - WEEK 1
A119: Sr. No. | B119: Activity | C119: Points
A121: 1 | B121: Visitors | C121: =K8
A122: 2 | B122: Inductions | C122: =F22 -> 500
A123: 3 | B123: Attendance | C123: =E36 -> 300
A124: 4 | B124: Punctuality | C124: =E49 -> 100
A125: 5 | B125: Wearing Achiever's pin | C125: =F63 -> 500
A126: 6 | B126: Getting Achiever's pin | C126: =F76 -> 0
A127: 7 | B127: Golden Mic | C127: =D89 -> 200
A128: 8 | B128: Abiding Theme | C128: =E96 -> 0
A129: 9 | B129: Attire | C129: =F104 -> 300
A130: 10 | B130: Scoring
A132: TOTAL | C132: =SUM(C121:C130) -> 1900

Sheet 15-7-26
A1: DIGITAL TITANS
A4: VISITORS
A6: Sr. No. | B6: Date | C6: Member Who Invited Visitors (Name) | D6: Visitor Name | E6: Hot Category (Count) | F6: Open Cateory (Count) | G6: Closed Category (Count) | H6: Repeat Visitor(Count) | I6: POINTS | J6: TOTAL POINTS
A8: 1 | I8: =SUM((E8*300)+(F8*200)+(G8*50)+(H8*0)) -> 0 | J8: =SUM(I8:I15) -> 0
I9: =SUM((E9*300)+(F9*200)+(G9*50)+(H9*0)) -> 0
I10: =SUM((E10*300)+(F10*200)+(G10*50)+(H10*0)) -> 0
I11: =SUM((E11*300)+(F11*200)+(G11*50)+(H11*0)) -> 0
I12: =SUM((E12*300)+(F12*200)+(G12*50)+(H12*0)) -> 0
I13: =SUM((E13*300)+(F13*200)+(G13*50)+(H13*0)) -> 0
I14: =SUM((E14*300)+(F14*200)+(G14*50)+(H14*0)) -> 0
I15: =SUM((E15*300)+(F15*200)+(G15*50)+(H15*0)) -> 0
A18: INDUCTIONS
A20: Sr. No. | B20: Date | C20: Sponsor Member (Name) | D20: Member Inducted (Count) | E20: POINTS | F20: TOTAL POINTS
E22: =(D22*500) -> 0 | F22: =SUM(E22:E29) -> 0
E23: =(D23*500) -> 0
E24: =(D24*500) -> 0
E25: =(D25*500) -> 0
E26: =(D26*500) -> 0
E27: =(D27*500) -> 0
E28: =(D28*500) -> 0
E29: =(D29*500) -> 0
A32: REFERRALS
A34: Sr. No. | B34: Date | C34: Team Members (Name) | D34: Same Team (Count) | E34: Cross Team/Chapter (Count) | F34: Cross Region/ Commissioner (Count) | G34: POINTS | H34: TOTAL POINTS
G36: =SUM((D36*50)+(E36*100)+(F36*150)) -> 0 | H36: =SUM(G36:G43) -> 0
G37: =SUM((D37*50)+(E37*100)+(F37*150)) -> 0
G38: =SUM((D38*50)+(E38*100)+(F38*150)) -> 0
G39: =SUM((D39*50)+(E39*100)+(F39*150)) -> 0
G40: =SUM((D40*50)+(E40*100)+(F40*150)) -> 0
G41: =SUM((D41*50)+(E41*100)+(F41*150)) -> 0
G42: =SUM((D42*50)+(E42*100)+(F42*150)) -> 0
G43: =SUM((D43*50)+(E43*100)+(F43*150)) -> 0
A46: V2V
A48: Sr. No. | B48: Date | C48: Team Members (Name) | D48: Same Team (Count) | E48: Cross Team/ Chapter/Commissioner (Count) | F48: Cross Region (Count) | G48: ED (Count) | H48: POINTS | I48: TOTAL POINTS
H50: =((D50*50)+(E50*150)+(F50*200)+(G50*300)) -> 0 | I50: =SUM(H50:H62) -> 0
H51: =((D51*50)+(E51*150)+(F51*200)+(G51*300)) -> 0
H52: =((D52*50)+(E52*150)+(F52*200)+(G52*300)) -> 0
H53: =((D53*50)+(E53*150)+(F53*200)+(G53*300)) -> 0
H54: =((D54*50)+(E54*150)+(F54*200)+(G54*300)) -> 0
H55: =((D55*50)+(E55*150)+(F55*200)+(G55*300)) -> 0
H56: =((D56*50)+(E56*150)+(F56*200)+(G56*300)) -> 0
H57: =((D57*50)+(E57*150)+(F57*200)+(G57*300)) -> 0
H58: =((D58*50)+(E58*150)+(F58*200)+(G58*300)) -> 0
H59: =((D59*50)+(E59*150)+(F59*200)+(G59*300)) -> 0
H60: =((D60*50)+(E60*150)+(F60*200)+(G60*300)) -> 0
H61: =((D61*50)+(E61*150)+(F61*200)+(G61*300)) -> 0
H62: =((D62*50)+(E62*150)+(F62*200)+(G62*300)) -> 0
A65: SPECIFIC ASK COMPLETED
A67: Sr. No. | B67: Date | C67: Team Member (Name) | D67: Specific Ask Completed (Count) | E67: Specific Ask Completed for (Name) | F67: POINTS | G67: TOTAL POINTS
F69: =(D69*200) -> 0 | G69: =SUM(F69*76) -> 0
F70: =(D70*200) -> 0
F71: =(D71*200) -> 0
F72: =(D72*200) -> 0
F73: =(D73*200) -> 0
F74: =(D74*200) -> 0
F75: =(D75*200) -> 0
F76: =(D76*200) -> 0
A79: TRAININGS
A81: Sr. No. | B81: Date of Training | C81: Number of Members Present in Training | D81: Whole Team Present (If whole team present, write 1 or write 0) | E81: POINTS
E83: =IF(D83=1,C83*50*2,C83*50) -> 0
A93: ATTENDANCE
A95: Sr. No. | B95: Date | C95: List Team Members Present (Name) | D95: Number of Absent Team Members | E95: TOTAL POINTS
A97: 1 | E97: =IF(D97=0,300,D97*-200) -> 300
A98: 2
A99: 3
A100: 4
A106: PUCTUALITY
A108: Sr. No. | B108: Date | C108: List Team Members Present on Time (Name) | D108: Number of Team Members Coming Late | E108: POINTS
A110: 1 | E110: =IF(D110=0,100,D110*-20) -> 100
A111: 2
A112: 3
A113: 4
A114: 5
A120: WEARING BADGE/ACHIEVER'S PINS
A122: Sr. No. | B122: Date | C122: Team Members (Name) | D122: Did this Team Member wear Badge (If yes write 1, if no write 0) | E122: POINTS | F122: TOTAL POINTS
A124: 1 | E124: =(D124*100) -> 0 | F124: =SUM(E124:E130) -> 0
A125: 2 | E125: =(D125*100) -> 0
A126: 3 | E126: =(D126*100) -> 0
A127: 4 | E127: =(D127*100) -> 0
E128: =(D128*100) -> 0
E129: =(D129*100) -> 0
E130: =(D130*100) -> 0
A133: GETTING ACHIEVER'S PINS
A135: Sr. No. | B135: Date | C135: Team Members (Name) | D135: Did this Team Member get Achiever's Pins (If Yes write 1, if No write 0) | E135: POINTS | F135: TOTAL POINTS
A137: 1 | E137: =(D137*100) -> 0 | F137: =SUM(E137:E143) -> 0
E138: =(D138*100) -> 0
E139: =(D139*100) -> 0
E140: =(D140*100) -> 0
E141: =(D141*100) -> 0
E142: =(D142*100) -> 0
E143: =(D143*100) -> 0
A147: THANK YOU NOTES
A149: Sr. No. | B149: Date | C149: Team Member (Name) | D149: TN Received from (Member Name) | E149: Amount | F149: POINTS | G149: TOTAL POINTS
F151: =SUM(E151:E158) -> 0 | G151: =F151/10000*100 -> 0
A162: JOINT PRESENTATIONS
A164: Sr. No. | B164: Date | C164: Member Initiated JP (Name) | D164: No Of JP by this Team Member | E164: Customer Name | F164: POINTS | G164: TOTAL POINTS
F166: =SUM(D166*100) -> 0 | G166: =SUM(F166:F173) -> 0
F167: =SUM(D167*100) -> 0
F168: =SUM(D168*100) -> 0
F169: =SUM(D169*100) -> 0
F170: =SUM(D170*100) -> 0
...

Sheet 29-7-26
A1: DIGITAL TITANS
A4: VISITORS
A6: Sr. No. | B6: Date | C6: Member Who Invited Visitors (Name) | D6: Visitor Name | E6: Hot Category (Count) | F6: Open Cateory (Count) | G6: Closed Category (Count) | H6: Repeat Visitor(Count) | I6: POINTS | J6: TOTAL POINTS
A8: 1 | I8: =SUM((E8*300)+(F8*200)+(G8*50)+(H8*0)) -> 0 | J8: =SUM(I8:I15) -> 0
I9: =SUM((E9*300)+(F9*200)+(G9*50)+(H9*0)) -> 0
I10: =SUM((E10*300)+(F10*200)+(G10*50)+(H10*0)) -> 0
I11: =SUM((E11*300)+(F11*200)+(G11*50)+(H11*0)) -> 0
I12: =SUM((E12*300)+(F12*200)+(G12*50)+(H12*0)) -> 0
I13: =SUM((E13*300)+(F13*200)+(G13*50)+(H13*0)) -> 0
I14: =SUM((E14*300)+(F14*200)+(G14*50)+(H14*0)) -> 0
I15: =SUM((E15*300)+(F15*200)+(G15*50)+(H15*0)) -> 0
A18: INDUCTIONS
A20: Sr. No. | B20: Date | C20: Sponsor Member (Name) | D20: Member Inducted (Count) | E20: POINTS | F20: TOTAL POINTS
E22: =(D22*500) -> 0 | F22: =SUM(E22:E29) -> 0
E23: =(D23*500) -> 0
E24: =(D24*500) -> 0
E25: =(D25*500) -> 0
E26: =(D26*500) -> 0
E27: =(D27*500) -> 0
E28: =(D28*500) -> 0
E29: =(D29*500) -> 0
A32: REFERRALS
A34: Sr. No. | B34: Date | C34: Team Members (Name) | D34: Same Team (Count) | E34: Cross Team/Chapter (Count) | F34: Cross Region/ Commissioner (Count) | G34: POINTS | H34: TOTAL POINTS
G36: =SUM((D36*50)+(E36*100)+(F36*150)) -> 0 | H36: =SUM(G36:G43) -> 0
G37: =SUM((D37*50)+(E37*100)+(F37*150)) -> 0
G38: =SUM((D38*50)+(E38*100)+(F38*150)) -> 0
G39: =SUM((D39*50)+(E39*100)+(F39*150)) -> 0
G40: =SUM((D40*50)+(E40*100)+(F40*150)) -> 0
G41: =SUM((D41*50)+(E41*100)+(F41*150)) -> 0
G42: =SUM((D42*50)+(E42*100)+(F42*150)) -> 0
G43: =SUM((D43*50)+(E43*100)+(F43*150)) -> 0
A46: V2V
A48: Sr. No. | B48: Date | C48: Team Members (Name) | D48: Same Team (Count) | E48: Cross Team/ Chapter/Commissioner (Count) | F48: Cross Region (Count) | G48: ED (Count) | H48: POINTS | I48: TOTAL POINTS
H50: =((D50*50)+(E50*150)+(F50*200)+(G50*300)) -> 0 | I50: =SUM(H50:H62) -> 0
H51: =((D51*50)+(E51*150)+(F51*200)+(G51*300)) -> 0
H52: =((D52*50)+(E52*150)+(F52*200)+(G52*300)) -> 0
H53: =((D53*50)+(E53*150)+(F53*200)+(G53*300)) -> 0
H54: =((D54*50)+(E54*150)+(F54*200)+(G54*300)) -> 0
H55: =((D55*50)+(E55*150)+(F55*200)+(G55*300)) -> 0
H56: =((D56*50)+(E56*150)+(F56*200)+(G56*300)) -> 0
H57: =((D57*50)+(E57*150)+(F57*200)+(G57*300)) -> 0
H58: =((D58*50)+(E58*150)+(F58*200)+(G58*300)) -> 0
H59: =((D59*50)+(E59*150)+(F59*200)+(G59*300)) -> 0
H60: =((D60*50)+(E60*150)+(F60*200)+(G60*300)) -> 0
H61: =((D61*50)+(E61*150)+(F61*200)+(G61*300)) -> 0
H62: =((D62*50)+(E62*150)+(F62*200)+(G62*300)) -> 0
A65: SPECIFIC ASK COMPLETED
A67: Sr. No. | B67: Date | C67: Team Member (Name) | D67: Specific Ask Completed (Count) | E67: Specific Ask Completed for (Name) | F67: POINTS | G67: TOTAL POINTS
F69: =(D69*200) -> 0 | G69: =SUM(F69*76) -> 0
F70: =(D70*200) -> 0
F71: =(D71*200) -> 0
F72: =(D72*200) -> 0
F73: =(D73*200) -> 0
F74: =(D74*200) -> 0
F75: =(D75*200) -> 0
F76: =(D76*200) -> 0
A79: TRAININGS
A81: Sr. No. | B81: Date of Training | C81: Number of Members Present in Training | D81: Whole Team Present (If whole team present, write 1 or write 0) | E81: POINTS
E83: =IF(D83=1,C83*50*2,C83*50) -> 0
A93: ATTENDANCE
A95: Sr. No. | B95: Date | C95: List Team Members Present (Name) | D95: Number of Absent Team Members | E95: TOTAL POINTS
A97: 1 | E97: =IF(D97=0,300,D97*-200) -> 300
A98: 2
A99: 3
A100: 4
A106: PUCTUALITY
A108: Sr. No. | B108: Date | C108: List Team Members Present on Time (Name) | D108: Number of Team Members Coming Late | E108: POINTS
A110: 1 | E110: =IF(D110=0,100,D110*-20) -> 100
A111: 2
A112: 3
A113: 4
A114: 5
A120: WEARING BADGE/ACHIEVER'S PINS
A122: Sr. No. | B122: Date | C122: Team Members (Name) | D122: Did this Team Member wear Badge (If yes write 1, if no write 0) | E122: POINTS | F122: TOTAL POINTS
A124: 1 | E124: =(D124*100) -> 0 | F124: =SUM(E124:E130) -> 0
A125: 2 | E125: =(D125*100) -> 0
A126: 3 | E126: =(D126*100) -> 0
A127: 4 | E127: =(D127*100) -> 0
E128: =(D128*100) -> 0
E129: =(D129*100) -> 0
E130: =(D130*100) -> 0
A133: GETTING ACHIEVER'S PINS
A135: Sr. No. | B135: Date | C135: Team Members (Name) | D135: Did this Team Member get Achiever's Pins (If Yes write 1, if No write 0) | E135: POINTS | F135: TOTAL POINTS
A137: 1 | E137: =(D137*100) -> 0 | F137: =SUM(E137:E143) -> 0
E138: =(D138*100) -> 0
E139: =(D139*100) -> 0
E140: =(D140*100) -> 0
E141: =(D141*100) -> 0
E142: =(D142*100) -> 0
E143: =(D143*100) -> 0
A147: THANK YOU NOTES
A149: Sr. No. | B149: Date | C149: Team Member (Name) | D149: TN Received from (Member Name) | E149: Amount | F149: POINTS | G149: TOTAL POINTS
F151: =SUM(E151:E158) -> 0 | G151: =F151/10000*100 -> 0
A162: JOINT PRESENTATIONS
A164: Sr. No. | B164: Date | C164: Member Initiated JP (Name) | D164: No Of JP by this Team Member | E164: Customer Name | F164: POINTS | G164: TOTAL POINTS
F166: =SUM(D166*100) -> 0 | G166: =SUM(F166:F173) -> 0
F167: =SUM(D167*100) -> 0
F168: =SUM(D168*100) -> 0
F169: =SUM(D169*100) -> 0
F170: =SUM(D170*100) -> 0
...

Sheet 12-8-26
A1: DIGITAL TITANS
A4: VISITORS
A6: Sr. No. | B6: Date | C6: Member Who Invited Visitors (Name) | D6: Visitor Name | E6: Hot Category (Count) | F6: Open Cateory (Count) | G6: Closed Category (Count) | H6: Repeat Visitor (Count) | I6: POINTS | J6: TOTAL POINTS
I8: =SUM((E8*300)+F8*200)+(G8*50)+(H8*0) -> 0 | J8: =SUM(I7:I15) -> 0
I9: =SUM((E9*300)+F9*200)+(G9*50)+(H9*0) -> 0
I10: =SUM((E10*300)+F10*200)+(G10*50)+(H10*0) -> 0
I11: =SUM((E11*300)+F11*200)+(G11*50)+(H11*0) -> 0
I12: =SUM((E12*300)+F12*200)+(G12*50)+(H12*0) -> 0
I13: =SUM((E13*300)+F13*200)+(G13*50)+(H13*0) -> 0
I14: =SUM((E14*300)+F14*200)+(G14*50)+(H14*0) -> 0
I15: =SUM((E15*300)+F15*200)+(G15*50)+(H15*0) -> 0
A18: INDUCTIONS
A20: Sr. No. | B20: Date | C20: Sponsor Member (Name) | D20: Member Inducted (Count) | E20: POINTS | F20: TOTAL POINTS
E22: =(D22*500) -> 0 | F22: =SUM(E22:E29) -> 0
E23: =(D23*500) -> 0
E24: =(D24*500) -> 0
E25: =(D25*500) -> 0
E26: =(D26*500) -> 0
E27: =(D27*500) -> 0
E28: =(D28*500) -> 0
E29: =(D29*500) -> 0
A32: REFERRALS
A34: Sr. No. | B34: Date | C34: Team Members (Name) | D34: Same Team (Count) | E34: Cross Team/Chapter (Count) | F34: Cross Region/Commissioner (Count) | G34: POINTS | H34: TOTAL POINTS
G36: =SUM((D36*50)+(E36*100)+(F36*150)) -> 0 | H36: =SUM(G36:G43) -> 0
G37: =SUM((D37*50)+(E37*100)+(F37*150)) -> 0
G38: =SUM((D38*50)+(E38*100)+(F38*150)) -> 0
G39: =SUM((D39*50)+(E39*100)+(F39*150)) -> 0
G40: =SUM((D40*50)+(E40*100)+(F40*150)) -> 0
G41: =SUM((D41*50)+(E41*100)+(F41*150)) -> 0
G42: =SUM((D42*50)+(E42*100)+(F42*150)) -> 0
G43: =SUM((D43*50)+(E43*100)+(F43*150)) -> 0
A46: V2V
A48: Sr. No. | B48: Date | C48: Team Members (Name) | D48: Same Team (Count) | E48: Cross Team/ Chapter/Commissioner (Count) | F48: Cross Region (Count) | G48: ED (Count) | H48: POINTS | I48: TOTAL POINTS
H50: =((D50*50)+(E50*150)+(F50*200)+(G50*300)) -> 0 | I50: =SUM(H50:H62) -> 0
H51: =((D51*50)+(E51*150)+(F51*200)+(G51*300)) -> 0
H52: =((D52*50)+(E52*150)+(F52*200)+(G52*300)) -> 0
H53: =((D53*50)+(E53*150)+(F53*200)+(G53*300)) -> 0
H54: =((D54*50)+(E54*150)+(F54*200)+(G54*300)) -> 0
H55: =((D55*50)+(E55*150)+(F55*200)+(G55*300)) -> 0
H56: =((D56*50)+(E56*150)+(F56*200)+(G56*300)) -> 0
H57: =((D57*50)+(E57*150)+(F57*200)+(G57*300)) -> 0
H58: =((D58*50)+(E58*150)+(F58*200)+(G58*300)) -> 0
H59: =((D59*50)+(E59*150)+(F59*200)+(G59*300)) -> 0
H60: =((D60*50)+(E60*150)+(F60*200)+(G60*300)) -> 0
H61: =((D61*50)+(E61*150)+(F61*200)+(G61*300)) -> 0
H62: =((D62*50)+(E62*150)+(F62*200)+(G62*300)) -> 0
A65: SPECIFIC ASK COMPLETED
A67: Sr. No. | B67: Date | C67: Team Member (Name) | D67: Specific Ask Completed Count | E67: Specific Ask Completed for (Name) | F67: POINTS | G67: TOTAL POINTS
F69: =(D69*200) -> 0 | G69: =SUM(F69:F76) -> 0
F70: =(D70*200) -> 0
F71: =(D71*200) -> 0
F72: =(D72*200) -> 0
F73: =(D73*200) -> 0
F74: =(D74*200) -> 0
F75: =(D75*200) -> 0
F76: =(D76*200) -> 0
A79: TRAININGS
A81: Sr. No. | B81: Date of Training | C81: Number of Members Present in Training (Name) | D81: Whole Team Present (If whole team present, write 1 or write 0) | E81: POINTS
E83: =IF(D83=1,C83*50*2,C83*50) -> 0
A93: ATTENDANCE
A95: Sr. No. | B95: Date | C95: List Team Members Present (Name) | D95: Number of Absent Team Members | E95: TOTAL POINTS
E97: =IF(D97=0,300,D97*-200) -> 300
A106: PUCTUALITY
A108: Sr. No. | B108: Date | C108: List Team Members Present on Time (Name) | D108: Number of Team Members Coming Late | E108: POINTS
E110: =IF(D110=0,100,D110*-20) -> 100
A120: WEARING BADGE/ACHIEVER'S PINS
A122: Sr. No. | B122: Date | C122: Team Members (Name) | D122: Did this Team Member wear Badge (If yes write 1, if no write 0) | E122: POINTS | F122: TOTAL POINTS
E124: =(D124*100) -> 0 | F124: =SUM(E124:E130) -> 0
E125: =(D125*100) -> 0
E126: =(D126*100) -> 0
E127: =(D127*100) -> 0
E128: =(D128*100) -> 0
E129: =(D129*100) -> 0
E130: =(D130*100) -> 0
A133: GETTING ACHIEVER'S PINS
A135: Sr. No. | B135: Date | C135: Team Members (Name) | D135: Did this Team Member get Achiever's Pins (If Yes write 1, if No write 0) | E135: POINTS | F135: TOTAL POINTS
E137: =(D137*100) -> 0 | F137: =SUM(E137:E143) -> 0
E138: =(D138*100) -> 0
E139: =(D139*100) -> 0
E140: =(D140*100) -> 0
E141: =(D141*100) -> 0
E142: =(D142*100) -> 0
E143: =(D143*100) -> 0
A147: THANK YOU NOTES
A149: Sr. No. | B149: Date | C149: Team Member (Name) | D149: TN Received from (Member Name) | E149: Amount | F149: POINTS | G149: TOTAL POINTS
F151: =SUM(E151:E158) -> 0 | G151: =F151/10000*100 -> 0
A162: JOINT PRESENTATIONS
A164: Sr. No. | B164: Date | C164: Member Initiated JP (Name) | D164: No Of JP by this Team Member | E164: Customer Name | F164: POINTS | G164: TOTAL POINTS
F166: =SUM(D166*100) -> 0 | G166: =SUM(F166:F173) -> 0
F167: =SUM(D167*100) -> 0
F168: =SUM(D168*100) -> 0
F169: =SUM(D169*100) -> 0
F170: =SUM(D170*100) -> 0
F171: =SUM(D171*100) -> 0
F172: =SUM(D172*100) -> 0
F173: =SUM(D173*100) -> 0
A176: SOCIAL & MEMBER'S PLACE VISIBILITY
A178: Sr. No. | B178: Date of Social / Members Place Visi | C178: Team Members (Name) | D178: Number of Team Member Present | E178: POINTS | F178: TOTAL POINTS
E180: =SUM(D180*100) -> 0 | F180: =SUM(E180:E186) -> 0
A189: GOLDEN MIC
...

Sheet 26-8-26
A1: DIGITAL TITANS
A4: VISITORS
A6: Sr. No. | B6: Date | C6: Member Who Invited Visitors (Name) | D6: Visitor Name | E6: Hot Category (Count) | F6: Open Cateory (Count) | G6: Closed Category (Count) | H6: Repeat Visitor (Count) | I6: POINTS | J6: TOTAL POINTS
I8: =SUM((E8*300)+F8*200)+(G8*50)+(H8*0) -> 0 | J8: =SUM(I7:I15) -> 0
I9: =SUM((E9*300)+F9*200)+(G9*50)+(H9*0) -> 0
I10: =SUM((E10*300)+F10*200)+(G10*50)+(H10*0) -> 0
I11: =SUM((E11*300)+F11*200)+(G11*50)+(H11*0) -> 0
I12: =SUM((E12*300)+F12*200)+(G12*50)+(H12*0) -> 0
I13: =SUM((E13*300)+F13*200)+(G13*50)+(H13*0) -> 0
I14: =SUM((E14*300)+F14*200)+(G14*50)+(H14*0) -> 0
I15: =SUM((E15*300)+F15*200)+(G15*50)+(H15*0) -> 0
A18: INDUCTIONS
A20: Sr. No. | B20: Date | C20: Sponsor Member (Name) | D20: Member Inducted (Count) | E20: POINTS | F20: TOTAL POINTS
E22: =(D22*500) -> 0 | F22: =SUM(E22:E29) -> 0
E23: =(D23*500) -> 0
E24: =(D24*500) -> 0
E25: =(D25*500) -> 0
E26: =(D26*500) -> 0
E27: =(D27*500) -> 0
E28: =(D28*500) -> 0
E29: =(D29*500) -> 0
A32: REFERRALS
A34: Sr. No. | B34: Date | C34: Team Members (Name) | D34: Same Team (Count) | E34: Cross Team/Chapter (Count) | F34: Cross Region/Commissioner (Count) | G34: POINTS | H34: TOTAL POINTS
G36: =SUM((D36*50)+(E36*100)+(F36*150)) -> 0 | H36: =SUM(G36:G43) -> 0
G37: =SUM((D37*50)+(E37*100)+(F37*150)) -> 0
G38: =SUM((D38*50)+(E38*100)+(F38*150)) -> 0
G39: =SUM((D39*50)+(E39*100)+(F39*150)) -> 0
G40: =SUM((D40*50)+(E40*100)+(F40*150)) -> 0
G41: =SUM((D41*50)+(E41*100)+(F41*150)) -> 0
G42: =SUM((D42*50)+(E42*100)+(F42*150)) -> 0
G43: =SUM((D43*50)+(E43*100)+(F43*150)) -> 0
A46: V2V
A48: Sr. No. | B48: Date | C48: Team Members (Name) | D48: Same Team (Count) | E48: Cross Team/ Chapter/Commissioner (Count) | F48: Cross Region (Count) | G48: ED (Count) | H48: POINTS | I48: TOTAL POINTS
H50: =((D50*50)+(E50*150)+(F50*200)+(G50*300)) -> 0 | I50: =SUM(H50:H62) -> 0
H51: =((D51*50)+(E51*150)+(F51*200)+(G51*300)) -> 0
H52: =((D52*50)+(E52*150)+(F52*200)+(G52*300)) -> 0
H53: =((D53*50)+(E53*150)+(F53*200)+(G53*300)) -> 0
H54: =((D54*50)+(E54*150)+(F54*200)+(G54*300)) -> 0
H55: =((D55*50)+(E55*150)+(F55*200)+(G55*300)) -> 0
H56: =((D56*50)+(E56*150)+(F56*200)+(G56*300)) -> 0
H57: =((D57*50)+(E57*150)+(F57*200)+(G57*300)) -> 0
H58: =((D58*50)+(E58*150)+(F58*200)+(G58*300)) -> 0
H59: =((D59*50)+(E59*150)+(F59*200)+(G59*300)) -> 0
H60: =((D60*50)+(E60*150)+(F60*200)+(G60*300)) -> 0
H61: =((D61*50)+(E61*150)+(F61*200)+(G61*300)) -> 0
H62: =((D62*50)+(E62*150)+(F62*200)+(G62*300)) -> 0
A65: SPECIFIC ASK COMPLETED
A67: Sr. No. | B67: Date | C67: Team Member (Name) | D67: Specific Ask Completed Count | E67: Specific Ask Completed for | F67: POINTS | G67: TOTAL POINTS
F69: =(D69*200) -> 0 | G69: =SUM(F69:F76) -> 0
F70: =(D70*200) -> 0
F71: =(D71*200) -> 0
F72: =(D72*200) -> 0
F73: =(D73*200) -> 0
F74: =(D74*200) -> 0
F75: =(D75*200) -> 0
F76: =(D76*200) -> 0
A79: TRAININGS
A81: Sr. No. | B81: Date of Training | C81: Number of Members Present in Training (Name) | D81: Whole Team Present (If whole team present, write 1 or write 0) | E81: POINTS
E83: =IF(D83=1,C83*50*2,C83*50) -> 0
A93: ATTENDANCE
A95: Sr. No. | B95: Date | C95: List Team Members Present (Name) | D95: Number of Absent Team Members | E95: TOTAL POINTS
E97: =IF(D97=0,300,D97*-200) -> 300
A106: PUCTUALITY
A108: Sr. No. | B108: Date | C108: List Team Members Present on Time (Name) | D108: Number of Team Members Coming Late | E108: POINTS
E110: =IF(D110=0,100,D110*-20) -> 100
A120: WEARING BADGE/ACHIEVER'S PINS
A122: Sr. No. | B122: Date | C122: Team Members (Name) | D122: Did this Team Member wear Badge (If yes write 1, if no write 0) | E122: POINTS | F122: TOTAL POINTS
E124: =(D124*100) -> 0 | F124: =SUM(E124:E130) -> 0
E125: =(D125*100) -> 0
E126: =(D126*100) -> 0
E127: =(D127*100) -> 0
E128: =(D128*100) -> 0
E129: =(D129*100) -> 0
E130: =(D130*100) -> 0
A133: GETTING ACHIEVER'S PINS
A135: Sr. No. | B135: Date | C135: Team Members (Name) | D135: Did this Team Member get Achiever's Pins (If Yes write 1, if No write 0) | E135: POINTS | F135: TOTAL POINTS
E137: =(D137*100) -> 0 | F137: =SUM(E137:E143) -> 0
E138: =(D138*100) -> 0
E139: =(D139*100) -> 0
E140: =(D140*100) -> 0
E141: =(D141*100) -> 0
E142: =(D142*100) -> 0
E143: =(D143*100) -> 0
A147: THANK YOU NOTES
A149: Sr. No. | B149: Date | C149: Team Member (Name) | D149: TN Received from (Member Name) | E149: Amount | F149: POINTS | G149: TOTAL POINTS
F151: =SUM(E151:E158) -> 0 | G151: =F151/10000*100 -> 0
A162: JOINT PRESENTATIONS
A164: Sr. No. | B164: Date | C164: Member Initiated JP (Name) | D164: No Of JP by this Team Member | E164: Customer Name | F164: POINTS | G164: TOTAL POINTS
F166: =SUM(D166*100) -> 0 | G166: =SUM(F166:F173) -> 0
F167: =SUM(D167*100) -> 0
F168: =SUM(D168*100) -> 0
F169: =SUM(D169*100) -> 0
F170: =SUM(D170*100) -> 0
F171: =SUM(D171*100) -> 0
F172: =SUM(D172*100) -> 0
F173: =SUM(D173*100) -> 0
A176: SOCIAL & MEMBER'S PLACE VISIBILITY
A178: Sr. No. | B178: Date of Social / Members Place Visi | C178: Team Members (Name) | D178: Number of Team Member Present | E178: POINTS | F178: TOTAL POINTS
E180: =SUM(D180*100) -> 0 | F180: =SUM(E180:E186) -> 0
A189: GOLDEN MIC
...

Sheet Summery
B3: Pluto Premier League - Team Name Score Summary
E6: Timeline | F6: Score | G6: Total
E8: Meeting 1 | F8: ='1-7-26'!C132 -> 1900 | G8: =SUM(F8,F9,F10,F11,F12) -> 3500
E9: Meeting 2 | F9: ='15-7-26'!C269 -> 400
E10: Meeting 3 | F10: ='29-7-26'!C269 -> 400
E11: Meeting 4 | F11: ='12-8-26'!C269 -> 400
E12: Meeting 5 | F12: ='26-8-26'!C269 -> 400
